id,first_name,last_name,email,country,ip_address,company,credit_card,city
1,Philip,Kelly,pkelly@skimia.name,Azerbaijan,23.173.14.88,Tagchat,1234-2121-1221-1211,Marysville
2,Helen,Olson,holson@trudoo.name,Haiti,189.86.228.44,Twitterbridge,1212-1221-1121-1234,Taft
3,Janet,Hall,jhall@yombu.name,Peru,116.246.229.25,Fivebridge,1234-2121-1221-1211,Ione
4,Rose,Simpson,rsimpson@twitterwire.net,Turks and Caicos Islands,186.39.30.10,Voonyx,1234-2121-1221-1211,Norwalk
5,Virginia,Lynch,vlynch@podcat.gov,Djibouti,49.14.237.49,Yozio,1234-2121-1221-1211,Sierra Madre
6,Patrick,Fields,pfields@dabjam.com,Mauritius,180.204.253.134,Gigazoom,1212-1221-1121-1234,Maricopa
7,Martin,Johnston,mjohnston@youopia.info,"Congo, Republic of",50.166.53.28,Devpoint,1234-2121-1221-1211,Soledad
8,Kevin,Thompson,kthompson@topicshots.info,Martinique,174.250.100.245,Zoomlounge,1228-1221-1221-1431,Yountville
9,Carl,Dean,cdean@realblab.gov,Bouvet Island,2.13.252.154,Avavee,1228-1221-1221-1431,Mount Shasta
10,Kenneth,Reid,kreid@omba.mil,United States of America,232.72.235.152,Zoovu,1234-2121-1221-1211,Los Banos
11,Gerald,Kennedy,gkennedy@dynava.gov,China,177.242.147.216,Kazu,1211-1221-1234-2201,Huntington Park
12,Charles,Diaz,cdiaz@jetpulse.com,Panama,239.229.85.225,Fadeo,1234-2121-1221-1211,Mount Shasta
13,Laura,Thomas,lthomas@rhycero.com,British Indian Ocean Territory,203.158.205.90,Demimbu,1211-1221-1234-2201,McFarland
14,Jonathan,Garza,jgarza@realpoint.biz,Bolivia,127.196.113.90,Skinte,1212-1221-1121-1234,Lancaster
15,Timothy,Richards,trichards@rhybox.name,Djibouti,151.65.197.168,Yakidoo,1212-1221-1121-1234,Encinitas
16,Stephanie,Campbell,scampbell@mynte.info,"Korea, South",144.141.94.164,Meezzy,1234-2121-1221-1211,Pleasant Hill
17,Shirley,Young,syoung@photobug.biz,Gambia,55.207.17.221,Yozio,1234-2121-1221-1211,Pomona
18,Sara,Chapman,schapman@skinte.com,Greenland,233.149.8.156,Jabbersphere,1211-1221-1234-2201,South El Monte
19,Thomas,Gardner,tgardner@skajo.edu,Kuwait,62.56.93.230,Devcast,1212-1221-1121-1234,Kerman
